URL,Pain Point,Status,Email,Facebook,LinkedIn,Sent Date
https://coloradospringsroofing.com/,Website lacks clear instant lead-capture — missed opportunities for immediate conversion.,Sent,info@coloradospringsroofing.com,https://www.facebook.com/Roofcorp/,,2026-02-12
https://www.myhappyroof.com/,Website lacks clear instant lead-capture — missed opportunities for immediate conversion.,Sent,jamie@myhappyroof.com,https://www.facebook.com/ReliableRoofingSystems/,,2026-02-12
https://peakviewroofing.com/,Manual booking process — customers must call instead of booking instantly.,Sent,peakview@peakviewroofing.com,https://www.facebook.com/peakviewroofing/,https://www.linkedin.com/company/peakviewroofing/,2026-02-12
https://rampartroofing.com/,Manual booking process — customers must call instead of booking instantly.,Sent,info@rampartroofing.com,https://www.facebook.com/RampartRoofingInc,,2026-02-12
https://cornerstoneroof.com/,Manual booking process — customers must call instead of booking instantly.,Sent,info@cornerstoneroof.com,https://www.facebook.com/CornerstoneRoofingandGutter,,2026-02-12
https://nativecoso.com/,Website lacks clear instant lead-capture — missed opportunities for immediate conversion.,Sent,info@nativecoso.com,https://www.facebook.com/profile.php?id=100084856296755,https://www.linkedin.com/in/devin-larsen-7769951b0,2026-02-12
https://www.meyerroofinginc.com/,Website lacks clear instant lead-capture — missed opportunities for immediate conversion.,Analyzed,,,,
https://www.roofsbyaspen.com/colorado-springs/,Website lacks clear instant lead-capture — missed opportunities for immediate conversion.,Sent,pnussbeck@roofsbyaspen.com,https://www.facebook.com/roofsbyaspen,http://www.linkedin.com/company/951246?trk=tyah,2026-02-12
https://cheyennemtnroofing.com/,Website lacks clear instant lead-capture — missed opportunities for immediate conversion.,Sent,Info@CheyenneMtnRoofing.com,,,2026-02-12
https://redrockroofing.com/,Website lacks clear instant lead-capture — missed opportunities for immediate conversion.,Sent,jake@redrockroofing.com,https://www.facebook.com/redrockroofingcolorado,,2026-02-12
